label,class
0,长征一号
1,长征二号
2,长征二号丙系列
3,长征二号丁
4,长征二号E
5,长征二号F
6,风暴一号
7,长征三号
8,长征三号甲
9,长征三号乙
10,长征三号丙
11,长征四号系列
12,长征五号
13,长征七号
14,长征十一号
15,宇宙神系列
16,德尔它系列
17,飞马座
18,金牛座
19,米诺陶
20,猎鹰9号
21,重型猎鹰
22,航天飞机
23,土星五号
24,安加拉系列
25,隆生号
26,第聂伯号
27,联盟号
28,质子号
29,能源号
30,织女号
31,阿里安五号
32,艾普斯龙
33,H-2A
34,H-2B
35,PSLV
36,银河三号
37,罗老一号
38,天顶号
39,信使号
40,快舟一号（包括快舟一甲）
41,双曲线一号
